{"accuracy": [0.27854758501052856, 0.5010851621627808, 0.6126878261566162, 0.6693655848503113, 0.7179465889930725, 0.7702003121376038, 0.8003339171409607, 0.8334724307060242, 0.8590150475502014, 0.876377284526825, 0.8984140157699585, 0.9133555889129639, 0.9247913360595703, 0.9402337074279785, 0.945909857749939, 0.9478297233581543, 0.9544240236282349, 0.9626877903938293], "loss": [1.9586029052734375, 1.4099177122116089, 1.1285508871078491, 0.9610756039619446, 0.8105202913284302, 0.6834818720817566, 0.5852859020233154, 0.5056372284889221, 0.42171648144721985, 0.36012572050094604, 0.3137184679508209, 0.24810819327831268, 0.2209768146276474, 0.18390563130378723, 0.16200602054595947, 0.15938179194927216, 0.14079120755195618, 0.1105877235531807], "val_accuracy": [0.4494156837463379, 0.526210367679596, 0.6317195296287537, 0.6998330354690552, 0.7539231777191162, 0.7632721066474915, 0.8073455691337585, 0.8050083518028259, 0.8410684466362, 0.8307178616523743, 0.8654423952102661, 0.8667779564857483, 0.8711185455322266, 0.8767946362495422, 0.8681135177612305, 0.8844740986824036, 0.8731218576431274, 0.8848080039024353], "val_loss": [1.5819071531295776, 1.3340167999267578, 1.069846272468567, 0.8643090128898621, 0.7211717367172241, 0.6969076991081238, 0.5851941108703613, 0.5817347764968872, 0.48920267820358276, 0.5228456854820251, 0.4160217046737671, 0.44053933024406433, 0.4157872200012207, 0.41666680574417114, 0.4886496961116791, 0.4209730923175812, 0.46202072501182556, 0.4391423165798187]}