{"accuracy": [0.1507512480020523, 0.20208680629730225, 0.2502504289150238, 0.2936560809612274, 0.3466610908508301, 0.3871452510356903, 0.40868112444877625, 0.45876461267471313, 0.48931553959846497, 0.5128547549247742, 0.5358096957206726, 0.5506677627563477, 0.572120189666748, 0.5858097076416016, 0.5979132056236267, 0.6137729287147522, 0.6257095336914062, 0.6383973360061646, 0.651669442653656, 0.657429039478302, 0.6791318655014038, 0.6815525889396667, 0.6973288655281067, 0.697746217250824, 0.7030050158500671, 0.7156093716621399, 0.7222036719322205, 0.7294657826423645, 0.7341402173042297, 0.750751256942749, 0.7527545690536499, 0.7586811184883118, 0.7682804465293884, 0.7723706364631653, 0.7792988419532776, 0.7824707627296448, 0.7863940000534058, 0.7954924702644348, 0.7929883003234863, 0.8050917983055115, 0.807262122631073, 0.8141903281211853, 0.8222871422767639, 0.8241235613822937, 0.8283806443214417, 0.8314691185951233, 0.8339732885360718, 0.8428213596343994, 0.8456594347953796, 0.8462437391281128, 0.851669430732727, 0.8553422093391418, 0.8626878261566162, 0.8597663044929504, 0.8636060357093811, 0.8718698024749756, 0.8779632449150085, 0.875292181968689, 0.8830550909042358, 0.8852253556251526], "loss": [2.2190186977386475, 2.1214747428894043, 2.0640621185302734, 1.9972095489501953, 1.9205836057662964, 1.793416142463684, 1.6603749990463257, 1.5606170892715454, 1.4779287576675415, 1.4130853414535522, 1.357517957687378, 1.3024078607559204, 1.2437832355499268, 1.2016949653625488, 1.1621853113174438, 1.1179814338684082, 1.0787116289138794, 1.0554875135421753, 1.0071172714233398, 0.9943590760231018, 0.9485440254211426, 0.9327094554901123, 0.8988804817199707, 0.8758852481842041, 0.8543730974197388, 0.8343862295150757, 0.8065013289451599, 0.7915105819702148, 0.7711015939712524, 0.738393247127533, 0.724716067314148, 0.7073925137519836, 0.6831260323524475, 0.6691011190414429, 0.6441236138343811, 0.6375064849853516, 0.6281596422195435, 0.6018788814544678, 0.6007881164550781, 0.5716975927352905, 0.5686395764350891, 0.5508630871772766, 0.5370967388153076, 0.5226672291755676, 0.5180462598800659, 0.4933446943759918, 0.49027249217033386, 0.4699361026287079, 0.4597472548484802, 0.44579508900642395, 0.43342968821525574, 0.426998108625412, 0.40721285343170166, 0.41207075119018555, 0.3944995403289795, 0.37847432494163513, 0.36043062806129456, 0.361189067363739, 0.35057443380355835, 0.34296736121177673], "val_accuracy": [0.1869782954454422, 0.2634390592575073, 0.2938230335712433, 0.3752921521663666, 0.40434056520462036, 0.4113522469997406, 0.45141902565956116, 0.48280468583106995, 0.49916526675224304, 0.5265442132949829, 0.5288814902305603, 0.5589315295219421, 0.5919866561889648, 0.5926544070243835, 0.6026711463928223, 0.626377284526825, 0.6320534348487854, 0.6517529487609863, 0.6644407510757446, 0.667111873626709, 0.6808013319969177, 0.6878130435943604, 0.6978297233581543, 0.6878130435943604, 0.7058430910110474, 0.7051752805709839, 0.7222036719322205, 0.7232053279876709, 0.7272120118141174, 0.7415692806243896, 0.734557569026947, 0.7459098696708679, 0.7529215216636658, 0.7505843043327332, 0.7616026997566223, 0.7585976719856262, 0.7616026997566223, 0.7646076679229736, 0.7629382014274597, 0.7552587389945984, 0.7706177234649658, 0.7856427431106567, 0.785308837890625, 0.7809683084487915, 0.780300498008728, 0.7993322014808655, 0.7913188934326172, 0.798330545425415, 0.7969949841499329, 0.794991672039032, 0.7979966402053833, 0.8113522529602051, 0.8126878142356873, 0.8093489408493042, 0.8123539090156555, 0.8103505969047546, 0.8166944980621338, 0.8170284032821655, 0.8193656206130981, 0.8227044939994812], "val_loss": [2.1422677040100098, 2.0745222568511963, 2.0235702991485596, 1.9408740997314453, 1.838423728942871, 1.682070016860962, 1.5812058448791504, 1.4939591884613037, 1.4181054830551147, 1.3431193828582764, 1.3579113483428955, 1.2652603387832642, 1.1883944272994995, 1.1580907106399536, 1.1218602657318115, 1.0492134094238281, 1.050246238708496, 0.9982848763465881, 0.9670459032058716, 0.97068190574646, 0.9377769827842712, 0.9058142900466919, 0.8777645230293274, 0.9030843377113342, 0.8545988202095032, 0.8883118033409119, 0.8154585361480713, 0.808178186416626, 0.7903695106506348, 0.7564833760261536, 0.7588373422622681, 0.7446399927139282, 0.7310689687728882, 0.7234843969345093, 0.6914018392562866, 0.6956167817115784, 0.6900386810302734, 0.6901906132698059, 0.6690398454666138, 0.7131365537643433, 0.6555014848709106, 0.6485285758972168, 0.6508121490478516, 0.6610186100006104, 0.6502367854118347, 0.5970297455787659, 0.6088454127311707, 0.6062844395637512, 0.5891003608703613, 0.6106155514717102, 0.599197268486023, 0.5857809782028198, 0.5736736059188843, 0.5713887214660645, 0.5781514644622803, 0.5723112225532532, 0.5777322053909302, 0.5705299377441406, 0.5537583231925964, 0.5607740879058838]}